Emission_VC,Verification_VC
44.83300290303305,19.243001588620245
23.41700019314885,20.97100150422193
16.023997886804864,16.69900302658789
13.510998542187735,7.74300133343786
15.525001799687743,9.125000360654667
11.415002518333495,7.057999027892947
15.653997252229601,8.742998033994809
15.711997548351064,8.863000402925536
10.934996680589393,7.30800093151629
9.624000085750595,6.309997843345627
